bandwidth,n,tau,delta,probe,population,true_second_moment,centered_true_variance,conditional_mean,nonlinear_bias,design_bias,label_mc,control_variate_covariance,remainder_rms,nonlinear_ci_low,nonlinear_ci_high,design_ci_low,design_ci_high,control_variate_ci_low,control_variate_ci_high,true_second_ci_low,true_second_ci_high
0.7,128,0.02,0.0,0,2.7496256223873634,2.2621601968804814,2.2789280731761528,2.781778986817825,0.05190200796935878,0.03215336443046133,-0.5715207979067021,2.8336809947871835,0.0073659764233645324,0.03672172120239946,0.06895102442013622,0.019136948171379557,0.04653437263331486,2.8133560344423327,2.855052207595209,1.739085718979693,2.790221795133047
0.7,128,0.02,0.0,1,0.6333714970835536,0.6303791381505621,0.6184380742679829,0.6310878052494101,0.013230446556607474,-0.0022836918341434653,-0.013939113655455535,0.6443182518060175,0.0073659764233645324,0.008647496930287317,0.01906361931707276,-0.0069340957256895566,0.0029522201051210262,0.6373378033105481,0.652148230594784,0.4746555855713319,0.8043742701442647
0.7,128,0.02,0.0,2,0.6226866563504915,0.5997393154065835,0.604556809733382,0.6212956527356082,0.01254449491575444,-0.0013910036148833572,-0.034100832244779056,0.6338401476513625,0.0073659764233645324,0.009114137849325788,0.016204186268098893,-0.005248825744765895,0.00267164718714712,0.6284350044601787,0.6392944538280725,0.46451880240494803,0.753138749988174
0.7,128,0.02,0.5,0,4.728393326843619,3.790478507373257,3.8185450213945504,4.7801512648157365,-0.007932339542434828,0.05175793797211734,-0.9817404179000454,4.772218925273301,0.006055431483884023,-0.013157575353584208,-0.0028296827396164896,0.029797762593545416,0.07598462834704856,4.748787436901149,4.796361898809151,2.915312362317177,4.677544924524571
0.7,128,0.02,0.5,1,1.0724410662208406,1.040252475128153,1.020404017093252,1.068161423787217,-0.002933369300080946,-0.004279642433623664,-0.024975579358983,1.065228054487136,0.006055431483884023,-0.004692211588811072,-0.0013747669562461252,-0.011810186820042909,0.004250176061257202,1.0576330691315903,1.0734559081096777,0.7838875419070584,1.3239415152136107
0.7,128,0.02,0.5,2,1.0527821919937403,0.9865339329183986,0.9943986320945618,1.049880617284887,-0.004606977102474816,-0.0029015747088532973,-0.058739707264013674,1.0452736401824123,0.006055431483884023,-0.006577159798224318,-0.002733496990982909,-0.00923757011869466,0.00377379344140265,1.0389431623430687,1.0520008054380425,0.763641829487282,1.240145435686217
0.7,128,0.02,1.0,0,8.752536624192677,6.682918286768154,6.732712587179795,8.829755107856352,-0.3355179338051106,0.0772184836636745,-1.8113188872830872,8.494237174051241,0.03180063738636159,-0.42837683877189126,-0.24952862069755452,0.0374531645908861,0.119822843246141,8.390008035694121,8.59450346134416,5.149726379891633,8.253675656746154
0.7,128,0.02,1.0,1,1.8943955788410023,1.7517960172861435,1.7179851782766253,1.8850511432968817,-0.08175213764730796,-0.009344435544120074,-0.05150298836343097,1.8032990056495746,0.03180063738636159,-0.11214359953625758,-0.05625401400134046,-0.02145356366575354,0.003999227109543905,1.7719652016569822,1.8322378771528998,1.3219651813877453,2.2182864178277892
0.7,128,0.02,1.0,2,1.850373730035156,1.6500203403920155,1.6630113614494682,1.8428224510005977,-0.08362962089997866,-0.0075512790345584665,-0.10917248970860269,1.7591928301006186,0.03180063738636159,-0.10567016273844908,-0.0628602269283039,-0.017755168314967897,0.002880342661601649,1.7367263681872576,1.7822061823198123,1.276106394820281,2.0778613573827096
0.7,128,0.08,0.0,0,1.2962166340403238,1.0338425617745135,1.0413525596720907,1.2926157250810275,0.004625751496240314,-0.003600908959296478,-0.2633989148027542,1.2972414765772677,0.0005259723729783256,0.0031791924963764243,0.006207615060445369,-0.006191479817784898,-0.0010702737663115555,1.294590162071278,1.3001379590929951,0.7982119407138336,1.279116650562925
0.7,128,0.08,0.0,1,0.2012576767529909,0.18927050740757767,0.18583298975541046,0.20006366760841154,0.0006778898527612723,-0.0011940091445793355,-0.011471050053595166,0.2007415574611728,0.0005259723729783256,0.0004402007155548436,0.0009597259926238807,-0.0017678964066690345,-0.0005909813852262677,0.20014594994387275,0.20135337866374248,0.14356004661820523,0.23901584967033587
0.7,128,0.08,0.0,2,0.1846456393653955,0.16793340487147432,0.16915086608093255,0.1832961968361628,0.0005398758487355073,-0.0013494425292327234,-0.01590266781342394,0.1838360726848983,0.0005259723729783256,0.0003680664084764358,0.0007244512599409272,-0.001980356781871515,-0.0007385829849680314,0.1831528397308618,0.18447163443771403,0.12898303415880538,0.20936982994692374
0.7,128,0.08,0.5,0,2.1577271150174275,1.705345731442592,1.717749120543241,2.150693458755073,-0.007182965842976986,-0.007033656262354864,-0.4381647614695035,2.1435104929120956,0.0009812210232893921,-0.00912415195366359,-0.0054090077605136256,-0.01100825352820024,-0.003244146032043148,2.1391332438116892,2.147881439706577,1.316206176196272,2.1082578801461134
0.7,128,0.08,0.5,1,0.3294188997506572,0.3070576517388251,0.301516825414982,0.32750138069722357,-0.0011212873472206215,-0.001917519053433665,-0.0193224416111778,0.3263800933500029,0.0009812210232893921,-0.0015616210492174006,-0.0007544324573775968,-0.002927393940371772,-0.0009010050440890489,0.325271442509924,0.32745912087435886,0.23324022022878377,0.38770562492873095
0.7,128,0.08,0.5,2,0.3008033815454169,0.27106444296637117,0.27302160769162626,0.29860282810082234,-0.0011374465227742987,-0.0022005534445945557,-0.026400938611676944,0.2974653815780481,0.0009812210232893921,-0.0014393199373959372,-0.0008369731029599197,-0.0032552315175603534,-0.001155767448285044,0.2964179182698513,0.2985348447918924,0.20830933931465834,0.33808292551915203
0.7,128,0.08,1.0,0,3.619367855936947,2.8195178190457653,2.8400520313064135,3.602895153051337,-0.04970853856270567,-0.016472702885610535,-0.7336687954428653,3.5531866144886313,0.0038609788760497372,-0.06396522200285865,-0.036287522169377945,-0.021345227157090727,-0.01193583434013483,3.537275372798917,3.5677534409655394,2.1748557136589746,3.48395699685335
0.7,128,0.08,1.0,1,0.5273889537979283,0.48405635948937636,0.47551185347888103,0.5245096228791233,-0.007046785540875141,-0.002879330918804998,-0.03340647784887178,0.5174628373382482,0.0038609788760497372,-0.009756200315166245,-0.004759469018487644,-0.004921689564195734,-0.0009326633070443799,0.5139342220564123,0.5206006600693095,0.3680209746986584,0.6097946572297805
0.7,128,0.08,1.0,2,0.4748659525788333,0.42122844828331496,0.4242369095819687,0.4713998695970992,-0.006250707372768347,-0.00346608298173413,-0.04392071394101578,0.4651491622243309,0.0038609788760497372,-0.008033755226807233,-0.004511489696341162,-0.005405737090061014,-0.0015461889482378665,0.4627016301152234,0.4675501818328823,0.32425734383643356,0.524364879155236
0.7,256,0.02,0.0,0,2.7496256223873634,3.5053175460255614,3.5406409685599556,2.7547319077793095,0.059914986168701966,0.005106285391946179,0.6906706520775496,2.814646893948011,0.003634732575943965,0.03358942560367582,0.09614738629161823,-0.004124314819672485,0.013725740430646897,2.7841468348270664,2.853190354635516,2.5126339125269896,4.678557717907719
0.7,256,0.02,0.0,1,0.6333714970835536,0.9274642390601957,0.9330282843291856,0.6308782897599944,0.014659075990290586,-0.0024932073235591477,0.2819268733099106,0.645537365750285,0.003634732575943965,0.007887358598148535,0.023653389631368545,-0.005595616878628961,0.000839006287440183,0.6379372123934602,0.6549303145048412,0.6867717084932434,1.2036472597381025
0.7,256,0.02,0.0,2,0.6226866563504915,0.7409269209126269,0.7395262438378405,0.6224780359324711,0.01033376126876167,-0.00020862041802029773,0.10811512371139428,0.6328117972012328,0.003634732575943965,0.006351353755604322,0.015408385670722533,-0.003341610577138563,0.0028683784173760708,0.6277037101705883,0.6386564906298764,0.5390815282631577,0.9643818639405968
0.7,256,0.02,0.5,0,4.728393326843619,5.92952332924175,5.989303763173321,4.735587181738297,-9.937125768085642e-05,0.007193854894677649,1.1940355187611345,4.735487810480616,0.0025170298440332366,-0.005303247596521013,0.006895954406469863,-0.008540759461378026,0.021903529585048934,4.71876307443632,4.751805225112677,4.262669696914591,7.90590349696606
0.7,256,0.02,0.5,1,1.0724410662208406,1.5453456795913352,1.5547276270861567,1.067922282330764,-0.0012885173540936959,-0.004518783890076581,0.4787119146146646,1.0666337649766704,0.0025170298440332366,-0.0035953549052605634,0.001374060504224677,-0.009621480924092419,0.000995444683466782,1.0611701137213647,1.0721731408240016,1.1473379505659624,2.002370363001142
0.7,256,0.02,0.5,2,1.0527821919937403,1.234121819644983,1.2318393996950967,1.052045835572189,-0.000976988030785091,-0.0007363564215513985,0.18305297210357932,1.0510688475414038,0.0025170298440332366,-0.002247298157040129,0.0003828869952734624,-0.005895331490941657,0.004285716071990951,1.0455732947170615,1.0563451849671142,0.9009637793636421,1.6041868367052121
0.7,256,0.02,1.0,0,8.752536624192677,10.623672382083164,10.730871917712054,8.757895138813108,-0.37691975186517096,0.00535851462043194,2.242696995135225,8.38097538694794,0.014890351936722007,-0.5700028532878811,-0.2281626027432166,-0.022678743304416132,0.03175833101170327,8.191948409782087,8.525651493878359,7.658255208072818,14.064814125662398
0.7,256,0.02,1.0,1,1.8943955788410023,2.64815280413586,2.664791526781757,1.8851430175002508,-0.08938341522487865,-0.009252561340751397,0.8523932018604883,1.7957596022753726,0.014890351936722007,-0.13752506499165015,-0.05294694837774713,-0.017332655831808,-0.0006374021503971452,1.7492065385667872,1.8325284427514363,1.9824549843186683,3.4213322138124784
0.7,256,0.02,1.0,2,1.850373730035156,2.1072960269975014,2.103652452611055,1.8472947819836412,-0.063556205935352,-0.0030789480515149782,0.323557450949213,1.7837385760482891,0.014890351936722007,-0.09102794247192132,-0.041013201994499524,-0.011059941114992778,0.004732402582205298,1.7544190766446734,1.8085494548905587,1.5358688943688599,2.7356216153264334
0.7,256,0.08,0.0,0,1.2962166340403238,1.6538317577231194,1.6704953908650655,1.2925429437559723,0.006996029889808086,-0.003673690284351647,0.35429278407733883,1.2995389736457803,0.0004102015397398366,0.003526354540541902,0.0119574314537519,-0.005468628063922155,-0.0018804157158759016,1.2951735200613754,1.3048423345598543,1.1860564846725017,2.207687694786508
0.7,256,0.08,0.0,1,0.2012576767529909,0.2953808464205586,0.2975416201080762,0.20029964610951587,0.0010215339271328848,-0.0009580306434750288,0.09405966638390989,0.20132118003664876,0.0004102015397398366,0.00046232882740458427,0.0018140501817694497,-0.0013686684942630753,-0.0005562033253370494,0.20057540800673865,0.20228022620543273,0.21898773059225754,0.38758046763508475
0.7,256,0.08,0.0,2,0.1846456393653955,0.21939732305396195,0.21916103295400194,0.1837221541739329,0.00062784019803153,-0.000923485191462598,0.0350473286819975,0.18434999437196442,0.0004102015397398366,0.000345365740459481,0.0009905848415738723,-0.0013632443592616022,-0.0004937897830348428,0.1837746269904173,0.18491465102999047,0.1594052396243209,0.28773773749609916
0.7,256,0.08,0.5,0,2.1577271150174275,2.7346951434613955,2.762255570146053,2.15147614253017,-0.007751698477715198,-0.0062509724872573625,0.5909706994089402,2.143724444052455,0.0005003586417329124,-0.012070477877431682,-0.004514845059443087,-0.008966371526072795,-0.0035706537177619246,2.1390959420659734,2.147703811390398,1.9635793646342898,3.64573059634311
0.7,256,0.08,0.5,1,0.3294188997506572,0.4806491765424571,0.48419599641342215,0.3279113075213854,-0.0013701644223067901,-0.0015075922292717937,0.15410803344337853,0.3265411430990786,0.0005003586417329124,-0.002279976183959182,-0.0007229006684615028,-0.002208514477134078,-0.0008268202174382059,0.32555174788200986,0.3274418827501137,0.35601501354419546,0.6305448244067035
0.7,256,0.08,0.5,2,0.3008033815454169,0.355829652841678,0.35547668059343834,0.29927911376887445,-0.0008742993574744393,-0.0015242677765424533,0.05742483843027797,0.2984048144114,0.0005003586417329124,-0.0013207552522566568,-0.0005227357239192718,-0.002275303130178737,-0.0007863273335827086,0.29757185335180775,0.299180504700321,0.25870653475784366,0.4660304299158774
0.7,256,0.08,1.0,0,3.619367855936947,4.539204242226022,4.584966289196634,3.60845510073665,-0.06564098042175953,-0.010912755200297228,0.9963901219111316,3.5428141203148895,0.002454835097287059,-0.10677784480028085,-0.03562013938170229,-0.014013785312331786,-0.00782020785245988,3.501993564415846,3.57250774283306,3.2703079249060503,6.03468967394515
0.7,256,0.08,1.0,1,0.5273889537979283,0.7627017801985404,0.7684575543378958,0.5252867282027137,-0.00982691534889478,-0.002102225595214601,0.24724196734472156,0.5154598128538189,0.002454835097287059,-0.01684714051807883,-0.004881498617659898,-0.0034391816069498783,-0.0007874397973937264,0.5085902702111296,0.5205849554915729,0.5667357607956536,1.0014147136568123
0.7,256,0.08,1.0,2,0.4748659525788333,0.5585113575915933,0.5580820881520921,0.4723906257950937,-0.006055059487999302,-0.0024753267837396313,0.09217579128449888,0.46633556630709444,0.002454835097287059,-0.009349754488172518,-0.0035723925172805237,-0.0039645210675594705,-0.0010614611351912513,0.46291145216390706,0.46922751498561605,0.40692506068951245,0.7317675072800568
0.7,512,0.02,0.0,0,2.7496256223873634,3.1467770842893628,3.131288739416632,2.754685217437118,0.023229795170092986,0.005059595049753738,0.3688620716821529,2.7779150126072096,0.0010861063320224624,0.014236608019131075,0.03555570890905394,-0.0016874901924871606,0.011615569451654307,2.765744879321485,2.7924071638707715,2.366056052717869,4.061685616793082
0.7,512,0.02,0.0,1,0.6333714970835536,0.6859044228724048,0.689235640301516,0.6313179250052685,0.004064902948802536,-0.002053572078285021,0.0505215949183338,0.6353828279540711,0.0010861063320224624,0.002737602860288943,0.005582826521843813,-0.0041931598798732855,0.00014115332567370177,0.6326654711973788,0.6382681123668869,0.5325174765852281,0.8590223169247115
0.7,512,0.02,0.0,2,0.6226866563504915,0.6633937732304304,0.6671808584865215,0.6210569324616011,0.004667980661302303,-0.001629723888890301,0.03766886010752685,0.6257249131229036,0.0010861063320224624,0.002466776849230158,0.007634646370873378,-0.003447077909348226,0.0003028547936395867,0.6227605766808576,0.6291256464604544,0.47676608636958945,0.878872228236691
0.7,512,0.02,0.5,0,4.728393326843619,5.3753994749810525,5.34870140892876,4.7362581856492305,0.0013877596384025282,0.007864858805610409,0.6377535296934197,4.737645945287633,0.0008822589175744473,-0.0022776014868527675,0.006669290473326003,-0.003604070385792633,0.01891095642090178,4.725621042784488,4.749459555589681,4.043131408439665,6.936123053678718
0.7,512,0.02,0.5,1,1.0724410662208406,1.1543619996099248,1.1598938148218803,1.0689359860835734,-0.0009024668718839524,-0.0035050801372670847,0.08632848039823526,1.0680335192116897,0.0008822589175744473,-0.001629157940255037,-0.00022029134324928992,-0.007039233528650948,0.00013093990173192462,1.0645624677276493,1.0716202245560826,0.896555898612421,1.443112673840424
0.7,512,0.02,0.5,2,1.0527821919937403,1.1144651636336662,1.12078440886066,1.0498748004583287,-0.0002546969044482341,-0.00290739153541169,0.06484506007978576,1.0496201035538804,0.0008822589175744473,-0.0011180763914886247,0.0008230289499799644,-0.00588875450136592,0.0002742998218277163,1.046466554529213,1.0529022626008082,0.8017190168027182,1.4754246456852964
0.7,512,0.02,1.0,0,8.752536624192677,9.81023131993214,9.7600153427022,8.762776838774101,-0.1509895378536797,0.010240214581424585,1.1984440190117176,8.611787300920422,0.004970464440969638,-0.2141021169372226,-0.10150866097397036,-0.01048032828503242,0.02981944210594027,8.549890602808805,8.664275350190923,7.385983601358324,12.64761234717219
0.7,512,0.02,1.0,1,1.8943955788410023,2.015664316601094,2.0249708325817983,1.8882028431490423,-0.028711544337627876,-0.006192735691960229,0.15617301778967954,1.859491298811414,0.004970464440969638,-0.038714988389993446,-0.019989163519204295,-0.011717390913752929,-0.0003655920652562175,1.849910662279991,1.8686136074648938,1.5658478185461036,2.5189749593224864
0.7,512,0.02,1.0,2,1.850373730035156,1.9350861723253312,1.945806035193546,1.8446153886120402,-0.029625353497286632,-0.005758341423115712,0.12009613721057776,1.8149900351147537,0.004970464440969638,-0.04467182516414365,-0.018036233080085326,-0.010536040891963926,-0.0007548241259349402,1.7983344056810469,1.8282290024151617,1.3960473130509343,2.561799428465816
0.7,512,0.08,0.0,0,1.2962166340403238,1.4882837309185155,1.4794547332429937,1.2947376180780086,0.002615357464826854,-0.0014790159623151266,0.1909307553756798,1.2973529755428357,0.00011538156940470213,0.001433172828019029,0.0043186529297927125,-0.0027897200564473298,-0.000286845183442742,1.295477028134962,1.2994314675814622,1.1169137904587656,1.9337502812728449
0.7,512,0.08,0.0,1,0.2012576767529909,0.2193871879546566,0.2200620236914923,0.20098991668312358,0.00026564562843756545,-0.000267760069867318,0.018131625643095412,0.20125556231156114,0.00011538156940470213,0.00016287262544384135,0.0003895333877552199,-0.0005357516126113639,7.38781632725905e-06,0.2009386000414494,0.2015665413592565,0.16995835940632845,0.27280376223897884
0.7,512,0.08,0.0,2,0.1846456393653955,0.20116746702741423,0.20201831193041062,0.18413766032350015,0.0002986049266323507,-0.0005079790418953233,0.01673120177728167,0.18443626525013257,0.00011538156940470213,0.00012038894702118065,0.0005522649810908845,-0.0007686803887906273,-0.00025386570661132103,0.18411464690618812,0.184763798576551,0.142398302529416,0.270289813697738
0.7,512,0.08,0.5,0,2.1577271150174275,2.4710578660947187,2.456351620904213,2.1551096779656733,-0.0027487307258112197,-0.0026174370517537595,0.31869691885485635,2.152360947239863,0.00014222500292158097,-0.00375985882321595,-0.001921546684343129,-0.0045810618136298,-0.0008561498870873661,2.1503767007905967,2.1543191999919733,1.8554441239186341,3.211638232676279
0.7,512,0.08,0.5,1,0.3294188997506572,0.358423722115962,0.3594912694937572,0.32903133334861095,-0.00036995536369594726,-0.0003875664020463071,0.029762344131047093,0.32866137798491496,0.00014222500292158097,-0.0005040173406083973,-0.0002553343975620566,-0.0008318367107320111,5.6202173421051514e-05,0.3282117761913597,0.32911253590811756,0.27785230905895414,0.445489068791785
0.7,512,0.08,0.5,2,0.3008033815454169,0.32737385216139026,0.3287307095562481,0.30001802488948637,-0.00035525371762311776,-0.0007853566559305203,0.027711080989526984,0.2996627711718633,0.00014222500292158097,-0.0005597151645023391,-0.000204386462589924,-0.0012382299187556163,-0.00035766481004815783,0.2991769840909537,0.3001262453024515,0.23147074446871435,0.4400559753464994
0.7,512,0.08,1.0,0,3.619367855936947,4.128296234424112,4.103511229009856,3.6143380648598207,-0.024496340530602078,-0.0050297910771261115,0.5384545100948934,3.589841724329219,0.0006864473008055513,-0.03751261800401368,-0.015072269787032508,-0.00725059893680479,-0.0029655909635696166,3.5771782278468325,3.5995567323706896,3.099590800212692,5.367183781170199
0.7,512,0.08,1.0,1,0.5273889537979283,0.5723648708804904,0.5739109014599122,0.5270033329927619,-0.002653785976275174,-0.00038562080516634233,0.04801532386400359,0.5243495470164867,0.0006864473008055513,-0.003697046028004789,-0.0017466287222038439,-0.0012362908541186008,0.00043388242554959536,0.5229836585132271,0.5256122336716061,0.44378225364276686,0.7106705599166322
0.7,512,0.08,1.0,2,0.4748659525788333,0.5169216201841024,0.5189368147384578,0.4738418728105235,-0.002723327093966677,-0.0010240797683097724,0.04580307446754551,0.4711185457165568,0.0006864473008055513,-0.004769787673757978,-0.0013257120942383308,-0.0018670860726399446,-0.00022097941906293133,0.4690128912564183,0.472792321664809,0.365397952662207,0.6963754713139972
0.7,1024,0.02,0.0,0,2.7496256223873634,2.588089081197991,2.578912077533435,2.7498854280656606,0.008768076533182729,0.0002598056782965541,-0.1705644234008509,2.7586535045988434,0.0003738130773748345,0.005871152187809721,0.011951515519662344,-0.0041015807192201536,0.004643303209085664,2.753035146435935,2.764697436593807,1.9078063393197906,3.3838804679166037
0.7,1024,0.02,0.0,1,0.6333714970835536,0.5673107675085928,0.5677888324896054,0.6327687712015675,0.0018849977944986995,-0.0006027258819860559,-0.06734300148747348,0.6346537689960662,0.0003738130773748345,0.0011065184785055155,0.002836498772736821,-0.002226442244060901,0.0008900767239058655,0.6327166441413582,0.6364571759037607,0.40878778159776247,0.7465420282392491
0.7,1024,0.02,0.0,2,0.6226866563504915,0.7450440777354504,0.7522587184941039,0.6231746980861143,0.0019302892030013813,0.00048804173562281395,0.1199390904463345,0.6251049872891157,0.0003738130773748345,0.0013679789362677295,0.0025327891702730688,-0.0007995918700579105,0.0017020827491978118,0.623710390460133,0.6264659361301009,0.5853211547306421,0.9225972222769551
0.7,1024,0.02,0.5,0,4.728393326843619,4.438601204769032,4.4227779752884775,4.7285371297217775,-0.0009061257669971792,0.00014380287815884073,-0.2890297991857484,4.727631003954781,0.00034033029752171686,-0.0018352577823768513,-1.636546102784716e-05,-0.007305143390605034,0.007593338629394186,4.720090377551108,4.73521549082235,3.2717534580074252,5.7998883852650005
0.7,1024,0.02,0.5,1,1.0724410662208406,0.957092487164437,0.9577511950403491,1.0713637240033926,-0.0007900918463972066,-0.001077342217447701,-0.113481144992559,1.0705736321569959,0.00034033029752171686,-0.0013753381333381101,-0.00034777779127133796,-0.003728214516728743,0.0013725423256100765,1.0680043226070912,1.073034493730626,0.6898526918480633,1.2580272064867777
0.7,1024,0.02,0.5,2,1.0527821919937403,1.2556827351680226,1.2678275568144277,1.0534668765635107,-0.0007013314474060273,0.0006846845697701065,0.2029171900519183,1.0527655451161044,0.00034033029752171686,-0.0010488963235796268,-0.00038740391576634717,-0.0013868520039627974,0.0026557506701320056,1.050635404490544,1.0547715267238573,0.9872009215810992,1.5557158477000783
0.7,1024,0.02,1.0,0,8.752536624192677,8.173741035861926,8.14449211509483,8.751324780027403,-0.06428912643966997,-0.0012118441652736146,-0.5132946177258074,8.687035653587735,0.0019451859087046331,-0.08620517658528692,-0.04409323298796198,-0.014503481633306127,0.012012526413108978,8.66393846380063,8.709945966885183,6.026907907582444,10.662029779918464
0.7,1024,0.02,1.0,1,1.8943955788410023,1.6800359647426943,1.6805364629954955,1.8922611545524952,-0.014884037334428715,-0.002134424288506922,-0.19734115247537226,1.8773771172180664,0.0019451859087046331,-0.022604644353156744,-0.008582886606201894,-0.006392138507778793,0.001665899198774006,1.8694239890544866,1.8842802443662896,1.2109876084739293,2.201507831373606
0.7,1024,0.02,1.0,2,1.850373730035156,2.1933523765006715,2.214470978104489,1.850888220473091,-0.014647004641559967,0.0005144904379352377,0.3571111606691408,1.8362412158315313,0.0019451859087046331,-0.019194248219070804,-0.010509354052693163,-0.002730894708816201,0.0035937531454252616,1.830566542256749,1.8414342769485863,1.7226332721181308,2.7133412937934507
0.7,1024,0.08,0.0,0,1.2962166340403238,1.2342279073445486,1.2300961403996389,1.2953660233900697,0.0009350881642715042,-0.000850610650253838,-0.062073204209792954,1.2963011115543415,2.999028112886752e-05,0.0005993711718261851,0.0013395341519268835,-0.0016245272922795087,-5.966679523886425e-05,1.295371969927618,1.2972566771492509,0.9072777073778577,1.6073136541430055
0.7,1024,0.08,0.0,1,0.2012576767529909,0.18322851875946694,0.18291753429167126,0.2010589581927302,0.00011293373804983587,-0.00019871856026066782,-0.01794337317131314,0.20117189193078008,2.999028112886752e-05,6.85495593413179e-05,0.00016362661918188236,-0.00037629303713392445,-2.1612339404063196e-05,0.2009860498152445,0.20134770291031207,0.13334120309241465,0.23871959632042417
0.7,1024,0.08,0.0,2,0.1846456393653955,0.21938972602526532,0.22136655936095734,0.1843612506005574,9.837854842016998e-05,-0.0002843887648380958,0.03493009687628773,0.18445962914897762,2.999028112886752e-05,6.812219569054349e-05,0.00013348458523260382,-0.0004510079538614431,-0.000111800258299176,0.18428696057766317,0.18463765770274138,0.17181889051239294,0.2711904234746404
0.7,1024,0.08,0.5,0,2.1577271150174275,2.052520275191021,2.045645848247102,2.1563078284798105,-0.0011812132417225742,-0.0014192865376173236,-0.1026063400470669,2.1551266152380877,5.304602847915329e-05,-0.0015834670347789931,-0.0008005725622420978,-0.0025666813397894088,-0.00024787737503590486,2.153975273168405,2.156291144965288,1.508913299267816,2.6734626658811464
0.7,1024,0.08,0.5,1,0.3294188997506572,0.29982959080277577,0.29928490640760197,0.32910668449105307,-0.00019996718262122473,-0.000312215259604155,-0.029077126505656036,0.3289067173084318,5.304602847915329e-05,-0.00030805038385615105,-0.00011219301773624078,-0.0006269157368029454,-6.818380758346063e-06,0.32857562574241445,0.3292265068862414,0.2180694442499498,0.3906017243883501
0.7,1024,0.08,0.5,2,0.3008033815454169,0.3569135160111283,0.3601149962312509,0.30032010107701057,-0.0001590663546265407,-0.0004832804684063691,0.05675248128874426,0.30016103472238403,5.304602847915329e-05,-0.0002101878848763406,-0.000111268032072182,-0.0007733746049974056,-0.00018587049956525994,0.29986552504380337,0.3004642410526587,0.27930000802142013,0.44111786455777574
0.7,1024,0.08,1.0,0,3.619367855936947,3.4384649718867046,3.426964753582053,3.6170162914840716,-0.009511547157200418,-0.0023515644528754364,-0.1690397724401664,3.6075047443268717,0.00021929874905011974,-0.013038089072984036,-0.006285519578726274,-0.0035703690855751406,-0.0011275577669419689,3.6040654015648754,3.6107498378623224,2.528141276329792,4.480880456874939
0.7,1024,0.08,1.0,1,0.5273889537979283,0.4804550148623993,0.47943366816428257,0.5269541332735861,-0.001271416399658542,-0.00043482052434224317,-0.04522770201152828,0.5256827168739275,0.00021929874905011974,-0.001872641988613205,-0.0007616831252675949,-0.0010383766313410594,0.00017032561518308327,0.5248511752487867,0.5265294838378525,0.34954817277683664,0.6226936694190021
0.7,1024,0.08,1.0,2,0.4748659525788333,0.5618311370169531,0.5668003323052694,0.4740205588459393,-0.0010203782315290407,-0.0008453937328940348,0.08883095640254288,0.4730001806144102,0.00021929874905011974,-0.001363136111291113,-0.0007188197418273645,-0.00141531386207877,-0.0002752429011207287,0.4723431588668684,0.47364721291416884,0.4396446271485811,0.6941397362176419
0.7,2048,0.02,0.0,0,2.7496256223873634,2.853406677539802,2.858805287035717,2.7501455894121523,0.005743806328299464,0.0005199670247891142,0.09751728179934993,2.755889395740452,0.0001342473439422126,0.0026407088904649664,0.01068616415720181,-0.0032472656211375143,0.004036251740229875,2.7512286162585236,2.76105222251341,1.92772169173302,4.188617277367888
0.7,2048,0.02,0.0,1,0.6333714970835536,0.6039943666514588,0.6060018871830191,0.6332263905829839,0.0009032137619312693,-0.00014510650056967056,-0.030135237693456295,0.6341296043449152,0.0001342473439422126,0.0005794498676736999,0.001337822861144073,-0.0012385603707519058,0.0009053117303385261,0.632955714054876,0.6352560659083801,0.47085673168474773,0.7583104372015659
0.7,2048,0.02,0.0,2,0.6226866563504915,0.6078603495033479,0.5925221106253525,0.6221463271681795,0.0009262475403605196,-0.0005403291823120393,-0.015212225205192099,0.6230725747085399,0.0001342473439422126,0.000622265350632017,0.0012885359707613066,-0.0013947487679898019,0.00036569204689496044,0.6222079921065724,0.6239685907803717,0.4604792876006586,0.7710964072581471
0.7,2048,0.02,0.5,0,4.728393326843619,4.893172053874329,4.902487604530962,4.729085241306967,-0.00045206004541241076,0.0006919144633476382,0.16453887261277508,4.7286331812615545,0.0001283203563454121,-0.0014179446622148886,0.0011075648486888097,-0.005766811518690803,0.006663511960431319,4.722492181188418,4.734773655028674,3.302136860454268,7.183366700177942
0.7,2048,0.02,0.5,1,1.0724410662208406,1.020980162372023,1.0243119793232558,1.0721598026119226,-0.0002629831079181348,-0.00028126360891779224,-0.05091665713198158,1.0718968195040048,0.0001283203563454121,-0.0004968711401750532,-3.017408383810729e-05,-0.0020686403794118093,0.001448492881415761,1.0700783842918622,1.073652629431839,0.796183000011529,1.2824171974302043
0.7,2048,0.02,0.5,2,1.0527821919937403,1.0269919399674996,1.0011050772991172,1.0518135644365314,-0.00027864421119981256,-0.0009686275572090585,-0.024542980257832078,1.0515349202253312,0.0001283203563454121,-0.0005084390423237755,-6.37668616055307e-05,-0.0023719099145453884,0.0004956725493070002,1.0501277248146539,1.053015756734915,0.7768995853067642,1.3031233160348759
0.7,2048,0.02,1.0,0,8.752536624192677,8.999487178339388,9.016797125087978,8.752805863831945,-0.04203442780117774,0.0002692396392663632,0.2887157423086215,8.710771436030765,0.0006912067111847959,-0.07133188480743077,-0.02237579313586748,-0.011262616052925221,0.010972582620266586,8.676193304778876,8.73532074217335,6.0748960283323905,13.213547291778722
0.7,2048,0.02,1.0,1,1.8943955788410023,1.797231130341306,1.8027408509415939,1.8937366845494124,-0.006867130822139666,-0.0006588942915899043,-0.08963842338596693,1.8868695537272726,0.0006912067111847959,-0.009634267960931605,-0.0046747045847256126,-0.003507289814956399,0.0021454118993790338,1.883143179273071,1.8902959416068872,1.4005302678876834,2.2589888224000805
0.7,2048,0.02,1.0,2,1.850373730035156,1.8042618585799532,1.7588914671608558,1.8484306342913723,-0.0070379354192743005,-0.001943095743784049,-0.03713084029214419,1.8413926988720974,0.0006912067111847959,-0.009522580255616827,-0.0048642356648514185,-0.004097240611047558,0.00027372123249320247,1.8378211489818876,1.8448098336075338,1.3668305541497219,2.287860369957443
0.7,2048,0.08,0.0,0,1.2962166340403238,1.3299411025586176,1.3323704247594068,1.2957126588103243,0.0006864952476297891,-0.000503975229999587,0.03354194850066337,1.296399154057954,1.5299474531469763e-05,0.0002480831355021701,0.0014671118250518629,-0.0011800730851529502,0.00015223994673311023,1.295608705383599,1.29723153410138,0.8887302978873812,1.9653811700530603
0.7,2048,0.08,0.0,1,0.2012576767529909,0.19140338954589806,0.19167373765994988,0.20115277606171797,6.411402243504376e-05,-0.00010490069127291223,-0.009813500538254985,0.20121689008415303,1.5299474531469763e-05,2.8460522954147277e-05,0.000115571421965117,-0.0002661681231920186,4.359943129696338e-05,0.20106063695963802,0.20136025031095886,0.14558693813506027,0.2450785093541216
0.7,2048,0.08,0.0,2,0.1846456393653955,0.18465390655080482,0.18010425517137676,0.18446917963932916,5.663620002552628e-05,-0.00017645972606634226,0.0001280907114501667,0.18452581583935465,1.5299474531469763e-05,3.0110162553349966e-05,9.41729499350828e-05,-0.0003151778617300483,-4.059565465464241e-05,0.18438358033936242,0.18466724379358618,0.13925886420926603,0.23435492187445928
0.7,2048,0.08,0.5,0,2.1577271150174275,2.211636384981165,2.215643926701188,2.1568757550887834,-0.0006960434532308214,-0.0008513599286444995,0.05545667334561274,2.156179711635552,1.859273378110008e-05,-0.0011010090008457814,-0.00040318527526915526,-0.0018449974929466244,0.0001234566858353248,2.154998064535688,2.1572521645798726,1.4779885326943356,3.2685564745224687
0.7,2048,0.08,0.5,1,0.3294188997506572,0.3130758381761215,0.3134937640112987,0.3292496524651046,-8.586771295197886e-05,-0.00016924728555252122,-0.016087946576031145,0.3291637847521527,1.859273378110008e-05,-0.00012730067387014009,-5.5070606049825525e-05,-0.000438308309666388,8.00458827276252e-05,0.3288905617278086,0.32941087799023727,0.2374758945192759,0.4008375392344516
0.7,2048,0.08,0.5,2,0.3008033815454169,0.30096894722267575,0.2935663874080085,0.30053149887215885,-8.623883915248464e-05,-0.0002718826732580582,0.0005236871896693985,0.30044526003300637,1.859273378110008e-05,-0.00012293613597636288,-5.676764556030274e-05,-0.0005164471946310486,-3.762756210765887e-05,0.3002034139394373,0.3006779295912375,0.22698470662567333,0.38192852399158905
0.7,2048,0.08,1.0,0,3.619367855936947,3.703011844501997,3.7095600544303067,3.617911417160069,-0.00642917972944346,-0.0014564387768784793,0.09152960707137194,3.611482237430625,9.024459782149782e-05,-0.012224393858812937,-0.0028488613619473296,-0.002500669673992017,-0.00043044765441280566,3.605358728852407,3.6154351763075794,2.4769209744078178,5.474647297722444
0.7,2048,0.08,1.0,1,0.5273889537979283,0.5006489384412484,0.5012051059689153,0.5271330802925782,-0.0006411497832816536,-0.0002558735053500261,-0.02584299206804824,0.5264919305092967,9.024459782149782e-05,-0.0010417248484760739,-0.0003517962070268427,-0.0007306277473926969,0.00021344837722507432,0.5258058457544705,0.5270998612288503,0.37991607173773184,0.6416328893174286
0.7,2048,0.08,1.0,2,0.4748659525788333,0.4761482174883421,0.4644981569886844,0.4745175794238293,-0.0005872802042760454,-0.0003483731550039521,0.002217918268788866,0.47393029921955326,9.024459782149782e-05,-0.000888049363845861,-0.0003554293962332618,-0.0007770898982792793,0.00010446016991877455,0.47344117131796526,0.4744099679713552,0.3579242236922943,0.6058585220791215
0.4,256,0.02,1.0,0,5.8015671130537605,6.939211419439324,7.009138669916707,5.766753355624308,-0.32079888771136855,-0.03481375742945207,1.4932569515263843,5.44595446791294,0.02267207843074872,-0.47030417632947047,-0.20603201742584182,-0.05165824976707459,-0.018576067306397184,5.300106675889737,5.55923601764175,5.03016866266998,9.219552896089095
0.4,256,0.02,1.0,1,1.4611252911552977,2.0137472592779666,2.02678324799607,1.446635027470056,-0.0863642506848125,-0.014490263685241492,0.6534764824927235,1.360270776785244,0.02267207843074872,-0.13105951398444152,-0.0518949442687546,-0.019241694589468932,-0.009675855298971338,1.3170882640279997,1.3943760831670842,1.50702514266451,2.610508039517199
0.4,256,0.02,1.0,2,1.4178104105816194,1.585845423180891,1.5838528994716907,1.405410971501956,-0.05774867553124286,-0.012399439079663413,0.23818312721017776,1.3476622959707132,0.02267207843074872,-0.07870785031081183,-0.0398119633866719,-0.01740304092582077,-0.007710267770572006,1.3258849260865195,1.3670094186912498,1.1485067930626576,2.060432460750048
0.4,1024,0.02,1.0,0,5.8015671130537605,5.3896173460652985,5.356929373415236,5.793356603262662,-0.05640118531476283,-0.008210509791099883,-0.3473380718825984,5.7369554179478985,0.0030272577070143865,-0.07410123835491604,-0.03997716910337986,-0.015951904948572702,-0.0005032827907504669,5.719658542728641,5.7540034107453835,3.9747638258111837,7.008481720693552
0.4,1024,0.02,1.0,1,1.4611252911552977,1.3075271270744684,1.3048399056039546,1.4574262727014042,-0.014512966159135833,-0.003699018453893579,-0.13538617946779977,1.4429133065422681,0.0030272577070143865,-0.021175447970206637,-0.00918563703587245,-0.006175318081000408,-0.0014318144678306694,1.4363901718574468,1.4484008755719722,0.9491890255797837,1.7102106242924313
0.4,1024,0.02,1.0,2,1.4178104105816194,1.6457504595583736,1.6596546805132941,1.4161563520565514,-0.015033797859613271,-0.0016540585250678875,0.24462790536143558,1.401122554196938,0.0030272577070143865,-0.01934501213282988,-0.011051676233143019,-0.0038816564986641493,0.000448915372395739,1.3961710631557498,1.4055682636111324,1.296618778304535,2.042889539682134
1.2,256,0.02,1.0,0,10.413321148302966,12.651867415458916,12.779625148095418,10.426164833943986,-0.3280074589584956,0.012843685641017793,2.55371004047343,10.098157374985488,0.009504050018756469,-0.5041451827746353,-0.19516738925323462,-0.007862151473344152,0.0321269704912753,9.924289926871907,10.227755542766047,9.093238232211123,16.81139421712058
1.2,256,0.02,1.0,1,1.6308098575204213,2.2273196292265935,2.2447379653313666,1.6252410574478136,-0.05536157718402044,-0.005568800072607382,0.6574401489627997,1.5698794802637934,0.009504050018756469,-0.085332304506926,-0.03250003029724918,-0.012304734091735459,0.0016641902239458775,1.5399263410480617,1.5928445242025815,1.6802243140493218,2.857609904922254
1.2,256,0.02,1.0,2,1.547579112927322,1.8305998584561187,1.8293709269014644,1.5469434683931187,-0.04264785238057832,-0.000635644534203268,0.3263042424435782,1.5042956160125405,0.009504050018756469,-0.06452678337276847,-0.026163959150375272,-0.006999463940355272,0.005438499586774243,1.4804406877247673,1.5228253207760563,1.329762369894304,2.3874403633765726
1.2,1024,0.02,1.0,0,10.413321148302966,9.624649865589474,9.589218911916683,10.414619957844172,-0.05533330500205652,0.001298809541206154,-0.7346367872526414,10.359286652842115,0.001155710056690322,-0.07593627913888115,-0.03752906734646145,-0.008801944767411142,0.011395636646826189,10.3384229622386,10.37931375224486,7.067637719225636,12.612608801778565
1.2,1024,0.02,1.0,1,1.6308098575204213,1.4614536689981952,1.4595619762997825,1.6299813747862217,-0.008800428911810335,-0.0008284827341993228,-0.15972727687621655,1.6211809458744115,0.001155710056690322,-0.013397582050363342,-0.005008451141053713,-0.004271273910462414,0.0026352055447765254,1.6158622452064917,1.625969856945648,1.0572481324716152,1.9163122114293571
1.2,1024,0.02,1.0,2,1.547579112927322,1.8380075598605072,1.8557641008199188,1.5472202590736435,-0.00838890143632912,-0.0003588538536785446,0.2991762022231927,1.5388313576373145,0.001155710056690322,-0.01139107639418653,-0.005724641460789921,-0.002786763417449872,0.0019327962697345878,1.5349860981116676,1.5423786201247827,1.4316923870560978,2.2835229566050077
