split_seed,method,tau,delta,scale,validation_log_loss,test_log_loss,test_brier,test_accuracy,test_score_variance,solver_iterations,solver_residual,n_train,n_validation,n_test,candidate_count,selection_grid,model,pair,class_a,class_b,split_index
20270901,SW-tuned,0.001,2.0,1.0,0.39282244340655115,0.3812520917832301,0.11926680259970139,0.845,4.833293544445675,241,3.5524533006843676e-10,480,120,200,55,expanded_tau_x_delta,resnet18,cat_dog,3,5,0
20270901,ERM-tuned,0.0003,0.0,1.0,0.4115074255771269,0.38839240354191773,0.12106107734648049,0.835,3.3802513191211956,401,6.636301209972754e-10,480,120,200,11,expanded_tau,resnet18,cat_dog,3,5,0
20270901,ERM-calibrated,0.001,0.0,2.2119011988610957,0.38832420283535235,0.37614718295469596,0.11765233031673152,0.84,6.925564954647671,221,6.885800118607392e-10,480,120,200,11,expanded_tau,resnet18,cat_dog,3,5,0
20270901,Matched,0.025430806348152438,0.0,1.8591409142295228,0.6039777918264382,0.6089411000685087,0.20845265298487234,0.81,0.0863809516444398,61,2.397288496476578e-13,480,120,200,0,analytic,resnet18,cat_dog,3,5,0
20270902,SW-tuned,0.0001,0.0,1.0,0.3669639091669229,0.393350833339321,0.12745786579962226,0.82,6.499466292426731,681,7.067468120194792e-10,480,120,200,55,expanded_tau_x_delta,resnet18,cat_dog,3,5,1
20270902,ERM-tuned,0.0001,0.0,1.0,0.3669639091669229,0.393350833339321,0.12745786579962226,0.82,6.499466292426731,681,7.067468120194792e-10,480,120,200,11,expanded_tau,resnet18,cat_dog,3,5,1
20270902,ERM-calibrated,0.0001,0.0,0.9744005224751087,0.366876049582947,0.3940036037489199,0.1275736424338906,0.82,6.170959726238937,681,7.067468120194792e-10,480,120,200,11,expanded_tau,resnet18,cat_dog,3,5,1
20270902,Matched,0.025430806348152438,0.0,1.8591409142295228,0.5975349536695842,0.6107577723773274,0.20933328616697197,0.805,0.08162116107798145,61,2.3028710217787054e-13,480,120,200,0,analytic,resnet18,cat_dog,3,5,1
20270903,SW-tuned,0.0003,2.0,1.0,0.35618042545932294,0.35768702346656517,0.11381569106353968,0.84,10.110922782909135,421,6.627102591624596e-10,480,120,200,55,expanded_tau_x_delta,resnet18,cat_dog,3,5,2
20270903,ERM-tuned,0.0001,0.0,1.0,0.3641083958274122,0.367833424889011,0.11782702378989121,0.825,6.488155385578083,681,7.031703073424802e-10,480,120,200,11,expanded_tau,resnet18,cat_dog,3,5,2
20270903,ERM-calibrated,0.0003,0.0,1.622286771834337,0.35696236109073104,0.3600849036250379,0.11480489884362242,0.84,8.7823025737229,401,6.099487462393317e-10,480,120,200,11,expanded_tau,resnet18,cat_dog,3,5,2
20270903,Matched,0.025430806348152438,0.0,1.8591409142295228,0.6039699861232075,0.6081699009659763,0.20807375207113346,0.815,0.08638606252437343,61,2.1783135236094786e-13,480,120,200,0,analytic,resnet18,cat_dog,3,5,2
20270904,SW-tuned,0.0001,0.0,1.0,0.41118399203162814,0.36572935108328347,0.11692393132548468,0.835,6.163148642547105,681,6.750394943341271e-10,480,120,200,55,expanded_tau_x_delta,resnet18,cat_dog,3,5,3
20270904,ERM-tuned,0.0001,0.0,1.0,0.41118399203162814,0.36572935108328347,0.11692393132548468,0.835,6.163148642547105,681,6.750394943341271e-10,480,120,200,11,expanded_tau,resnet18,cat_dog,3,5,3
20270904,ERM-calibrated,0.0001,0.0,1.060314604749162,0.41077426288445135,0.36299383451904205,0.11642766467740007,0.835,6.9290250111360425,681,6.750394943341271e-10,480,120,200,11,expanded_tau,resnet18,cat_dog,3,5,3
20270904,Matched,0.025430806348152438,0.0,1.8591409142295228,0.6189986144652657,0.6055911249473511,0.20684417698971105,0.8,0.09412644829834242,61,2.2736683265903847e-13,480,120,200,0,analytic,resnet18,cat_dog,3,5,3
20270905,SW-tuned,0.0001,1.0,1.0,0.3382112068210541,0.399735014248106,0.12708837091866282,0.82,11.240136540224913,701,6.612730402979934e-10,480,120,200,55,expanded_tau_x_delta,resnet18,cat_dog,3,5,4
20270905,ERM-tuned,3e-05,0.0,1.0,0.34406488470214686,0.4283339230312631,0.1361435295981168,0.8,12.929090815432316,1201,8.682072920312362e-10,480,120,200,11,expanded_tau,resnet18,cat_dog,3,5,4
20270905,ERM-calibrated,0.0001,0.0,1.2379744464791158,0.3399774296951982,0.39431810643532134,0.12591282167562465,0.815,9.913071846594242,681,6.867223677297269e-10,480,120,200,11,expanded_tau,resnet18,cat_dog,3,5,4
20270905,Matched,0.025430806348152438,0.0,1.8591409142295228,0.6047515861546486,0.6083428665870814,0.2081688566544758,0.81,0.08774745560401405,61,2.2916846908593216e-13,480,120,200,0,analytic,resnet18,cat_dog,3,5,4
20270901,SW-tuned,0.0001,2.0,1.0,0.13620712832402487,0.18550944464828803,0.05078995484319611,0.935,30.195492919723904,741,8.277682134505155e-10,480,120,200,55,expanded_tau_x_delta,resnet18,car_truck,1,9,0
20270901,ERM-tuned,3e-05,0.0,1.0,0.14727079961612352,0.19008327490956325,0.05318315798851681,0.93,23.04884592166184,1281,9.086601867079276e-10,480,120,200,11,expanded_tau,resnet18,car_truck,1,9,0
20270901,ERM-calibrated,0.0001,0.0,1.52451654117552,0.14317454784595493,0.18450440008749233,0.05030721489445853,0.93,29.10385025486587,721,7.426786900514023e-10,480,120,200,11,expanded_tau,resnet18,car_truck,1,9,0
20270901,Matched,0.025430806348152438,0.0,1.8591409142295228,0.5285165289535361,0.536378862093161,0.17342721021500132,0.925,0.20429242228169966,61,6.926124334850196e-13,480,120,200,0,analytic,resnet18,car_truck,1,9,0
20270902,SW-tuned,0.0003,2.0,1.0,0.13229012638076515,0.17187678662227568,0.045342357570977966,0.94,17.45672981702971,441,6.358951703766661e-10,480,120,200,55,expanded_tau_x_delta,resnet18,car_truck,1,9,1
20270902,ERM-tuned,3e-05,0.0,1.0,0.14134982835179874,0.16844253257705397,0.044546047944496854,0.945,22.848895504651495,1281,8.39402670251058e-10,480,120,200,11,expanded_tau,resnet18,car_truck,1,9,1
20270902,ERM-calibrated,0.0003,0.0,2.2325654657725993,0.12428543960283155,0.16997291570135517,0.04357434523522711,0.945,32.87254486531798,421,6.935464873682337e-10,480,120,200,11,expanded_tau,resnet18,car_truck,1,9,1
20270902,Matched,0.025430806348152438,0.0,1.8591409142295228,0.5279642006990679,0.5361573822397675,0.17333042961537248,0.925,0.20547722085021183,61,7.505708373934031e-13,480,120,200,0,analytic,resnet18,car_truck,1,9,1
20270903,SW-tuned,0.0001,2.0,1.0,0.11964503138859627,0.16584039058492497,0.0444194481109189,0.945,29.393632535655627,741,8.691104836798044e-10,480,120,200,55,expanded_tau_x_delta,resnet18,car_truck,1,9,2
20270903,ERM-tuned,1e-05,0.0,1.0,0.1302125303218684,0.17109254597220272,0.04786936542852503,0.93,36.164869373900366,2201,9.565129784695257e-10,480,120,200,11,expanded_tau,resnet18,car_truck,1,9,2
20270903,ERM-calibrated,0.0001,0.0,1.811590869743589,0.11783496854265804,0.16707230086098743,0.04373593939230412,0.945,39.57034358250094,721,6.734718202690508e-10,480,120,200,11,expanded_tau,resnet18,car_truck,1,9,2
20270903,Matched,0.025430806348152438,0.0,1.8591409142295228,0.534408224080989,0.5337579325345486,0.1722031040431551,0.92,0.21145647898754633,61,7.376528584300015e-13,480,120,200,0,analytic,resnet18,car_truck,1,9,2
20270904,SW-tuned,0.0003,2.0,1.0,0.14465061463709325,0.17303204626950758,0.04701415050028665,0.945,17.799381443383137,441,6.300935693219016e-10,480,120,200,55,expanded_tau_x_delta,resnet18,car_truck,1,9,3
20270904,ERM-tuned,3e-05,0.0,1.0,0.1502680400670847,0.17843577064911184,0.04979138548418895,0.935,23.534681791086285,1281,9.021871717392458e-10,480,120,200,11,expanded_tau,resnet18,car_truck,1,9,3
20270904,ERM-calibrated,0.0003,0.0,1.9828875417307452,0.13956966183869554,0.16974507669723501,0.04600598788091912,0.945,26.31926161820757,421,7.14584415290339e-10,480,120,200,11,expanded_tau,resnet18,car_truck,1,9,3
20270904,Matched,0.025430806348152438,0.0,1.8591409142295228,0.5239630770581326,0.5361622149298433,0.17329192165164856,0.92,0.20168892487308926,61,6.551199951487181e-13,480,120,200,0,analytic,resnet18,car_truck,1,9,3
20270905,SW-tuned,0.0001,2.0,1.0,0.13235000859651275,0.16966187978541547,0.04632982737943992,0.93,29.277536436315387,741,8.756343324984941e-10,480,120,200,55,expanded_tau_x_delta,resnet18,car_truck,1,9,4
20270905,ERM-tuned,1e-05,0.0,1.0,0.13624997950514334,0.17810169501471124,0.05007226823078437,0.93,36.143968938214265,2181,8.89804535731942e-10,480,120,200,11,expanded_tau,resnet18,car_truck,1,9,4
20270905,ERM-calibrated,1e-05,0.0,1.0108978666955108,0.13623976280302377,0.1785118328415275,0.05013215321683612,0.93,36.936045833086204,2181,8.89804535731942e-10,480,120,200,11,expanded_tau,resnet18,car_truck,1,9,4
20270905,Matched,0.025430806348152438,0.0,1.8591409142295228,0.5399963126438438,0.5324169678996129,0.17158500312953745,0.92,0.2153550294348596,61,7.423467836151954e-13,480,120,200,0,analytic,resnet18,car_truck,1,9,4
20270901,SW-tuned,0.0003,2.0,1.0,0.1872261752347176,0.1771134799923228,0.05389169097494559,0.92,20.26557301311902,421,7.32873611881215e-10,480,120,200,55,expanded_tau_x_delta,resnet18,plane_ship,0,8,0
20270901,ERM-tuned,0.0001,0.0,1.0,0.20154506229672015,0.18363570009886956,0.05361874772424493,0.915,14.382497977099577,701,5.711827807077171e-10,480,120,200,11,expanded_tau,resnet18,plane_ship,0,8,0
20270901,ERM-calibrated,0.0003,0.0,2.0556757423754304,0.1836828766161707,0.17059863716005816,0.053003714041792875,0.925,32.144848517352955,401,7.680588568794202e-10,480,120,200,11,expanded_tau,resnet18,plane_ship,0,8,0
20270901,Matched,0.025430806348152438,0.0,1.8591409142295228,0.5319052072852325,0.5214288062554364,0.16702798272154568,0.88,0.2847671479753534,61,2.569787681791483e-13,480,120,200,0,analytic,resnet18,plane_ship,0,8,0
20270902,SW-tuned,0.0003,2.0,1.0,0.15664163363538317,0.16824424134612725,0.05030027208459931,0.92,20.13582192849441,421,8.641024201593235e-10,480,120,200,55,expanded_tau_x_delta,resnet18,plane_ship,0,8,1
20270902,ERM-tuned,3e-05,0.0,1.0,0.1620943862064406,0.1629273036078465,0.050051278860725364,0.93,26.854974716138884,1241,8.731457858449485e-10,480,120,200,11,expanded_tau,resnet18,plane_ship,0,8,1
20270902,ERM-calibrated,0.003,0.0,5.910147374555789,0.14541254098414194,0.20515605862777314,0.06251235033146735,0.915,44.68966480730559,141,1.1886102535936953e-10,480,120,200,11,expanded_tau,resnet18,plane_ship,0,8,1
20270902,Matched,0.025430806348152438,0.0,1.8591409142295228,0.5162182898721394,0.5226801660413496,0.16752469928084865,0.89,0.27404545472083575,61,2.760950749596325e-13,480,120,200,0,analytic,resnet18,plane_ship,0,8,1
20270903,SW-tuned,0.0001,1.0,1.0,0.16888205284597146,0.16874739848042786,0.04962061514647287,0.93,24.109126115713668,701,9.901708158604243e-10,480,120,200,55,expanded_tau_x_delta,resnet18,plane_ship,0,8,2
20270903,ERM-tuned,3e-05,0.0,1.0,0.17404684246462265,0.16591291420792345,0.04898480916489504,0.93,27.96517610114414,1241,8.306794149206774e-10,480,120,200,11,expanded_tau,resnet18,plane_ship,0,8,2
20270903,ERM-calibrated,0.0003,0.0,2.085237048279405,0.16502069421777474,0.17229020166649903,0.05160174117079357,0.925,34.33583789285527,401,7.616414363343705e-10,480,120,200,11,expanded_tau,resnet18,plane_ship,0,8,2
20270903,Matched,0.025430806348152438,0.0,1.8591409142295228,0.5205774900263883,0.5226972421835779,0.1676649840488828,0.89,0.28544852245083563,61,2.672680377880708e-13,480,120,200,0,analytic,resnet18,plane_ship,0,8,2
20270904,SW-tuned,0.0001,1.0,1.0,0.19642165183646762,0.18301651185574763,0.052193247224462044,0.945,24.64318578900647,701,9.643133823122543e-10,480,120,200,55,expanded_tau_x_delta,resnet18,plane_ship,0,8,3
20270904,ERM-tuned,0.0001,0.0,1.0,0.20060275167432537,0.1925422806426013,0.05475250173676836,0.935,15.217398797659579,701,6.065574270434578e-10,480,120,200,11,expanded_tau,resnet18,plane_ship,0,8,3
20270904,ERM-calibrated,0.0001,0.0,1.2631716299560851,0.194793645505532,0.1830130700621865,0.052331730664940984,0.935,24.280920580437446,701,6.065574270434578e-10,480,120,200,11,expanded_tau,resnet18,plane_ship,0,8,3
20270904,Matched,0.025430806348152438,0.0,1.8591409142295228,0.526701629532229,0.5210851136711131,0.16690789817267399,0.875,0.28973102007644136,61,2.608403682555062e-13,480,120,200,0,analytic,resnet18,plane_ship,0,8,3
20270905,SW-tuned,0.0001,2.0,1.0,0.15075212083129255,0.1758791280520654,0.05228029442956249,0.92,35.204900139427124,721,8.857944090780445e-10,480,120,200,55,expanded_tau_x_delta,resnet18,plane_ship,0,8,4
20270905,ERM-tuned,3e-05,0.0,1.0,0.158896807170709,0.17420970486984025,0.050726984096879264,0.925,27.271339142663095,1241,8.787179608935629e-10,480,120,200,11,expanded_tau,resnet18,plane_ship,0,8,4
20270905,ERM-calibrated,0.0003,0.0,2.1561103412393656,0.14580818712159288,0.18094969716654374,0.05456143053481828,0.92,35.0591548014194,401,8.658254115842761e-10,480,120,200,11,expanded_tau,resnet18,plane_ship,0,8,4
20270905,Matched,0.025430806348152438,0.0,1.8591409142295228,0.5163905444220559,0.5243322367439825,0.1683362670245375,0.88,0.2739152367505566,61,2.8049059559573266e-13,480,120,200,0,analytic,resnet18,plane_ship,0,8,4
20270901,SW-tuned,0.0003,0.25,1.0,0.22251543396069742,0.211734086346365,0.06325350720696253,0.915,14.292587634861652,241,3.877480738063209e-10,480,120,200,55,expanded_tau_x_delta,vit_b_16,cat_dog,3,5,0
20270901,ERM-tuned,0.0003,0.0,1.0,0.22292391427836797,0.21360279242481853,0.06344169458387014,0.915,12.643152211812959,241,3.458283342132108e-10,480,120,200,11,expanded_tau,vit_b_16,cat_dog,3,5,0
20270901,ERM-calibrated,1e-05,0.0,0.5031719286367715,0.2166500812417332,0.22398402852562888,0.06678629304782828,0.905,13.904650347961082,1241,8.045812065968715e-10,480,120,200,11,expanded_tau,vit_b_16,cat_dog,3,5,0
20270901,Matched,0.025430806348152438,0.0,1.8591409142295228,0.3829173031313784,0.37625727400052544,0.10716020362225383,0.91,1.3289350049282012,41,1.0475872102271667e-15,480,120,200,0,analytic,vit_b_16,cat_dog,3,5,0
20270902,SW-tuned,0.0003,2.0,1.0,0.1408330955210167,0.21911618515977757,0.06376160409955824,0.92,28.490630553102466,241,8.986614609524757e-10,480,120,200,55,expanded_tau_x_delta,vit_b_16,cat_dog,3,5,1
20270902,ERM-tuned,0.0001,0.0,1.0,0.16052990140560144,0.21773534388494412,0.06365889204813874,0.92,19.658110067628886,401,6.799024617736373e-10,480,120,200,11,expanded_tau,vit_b_16,cat_dog,3,5,1
20270902,ERM-calibrated,0.001,0.0,2.557806424680453,0.13643963848205184,0.2338598114232846,0.06546731484127227,0.92,41.417970847004916,141,9.129223284983383e-11,480,120,200,11,expanded_tau,vit_b_16,cat_dog,3,5,1
20270902,Matched,0.025430806348152438,0.0,1.8591409142295228,0.35698904852041075,0.3789181863335378,0.10806880856836393,0.91,1.2870627375008823,41,1.2190627821455402e-15,480,120,200,0,analytic,vit_b_16,cat_dog,3,5,1
20270903,SW-tuned,0.0003,2.0,1.0,0.1428453075889729,0.22997140207322708,0.06579207394029245,0.915,28.5816413716594,241,9.024651279313563e-10,480,120,200,55,expanded_tau_x_delta,vit_b_16,cat_dog,3,5,2
20270903,ERM-tuned,0.0001,0.0,1.0,0.14963272137030798,0.22700075437770478,0.06601732242559942,0.915,19.59468548196131,401,6.915341236438818e-10,480,120,200,11,expanded_tau,vit_b_16,cat_dog,3,5,2
20270903,ERM-calibrated,0.0003,0.0,1.6736725727561745,0.14059333825544826,0.23417080687421904,0.06560027103911009,0.915,33.22184453052872,241,3.4095949878572277e-10,480,120,200,11,expanded_tau,vit_b_16,cat_dog,3,5,2
20270903,Matched,0.025430806348152438,0.0,1.8591409142295228,0.36314332974385444,0.3780116325785944,0.10790047568585565,0.91,1.3150612378308166,41,1.1264893759249737e-15,480,120,200,0,analytic,vit_b_16,cat_dog,3,5,2
20270904,SW-tuned,0.001,2.0,1.0,0.17902651054376367,0.20631296600134152,0.06121016154215579,0.925,16.998034210976996,141,2.5365880016425027e-10,480,120,200,55,expanded_tau_x_delta,vit_b_16,cat_dog,3,5,3
20270904,ERM-tuned,0.0003,0.0,1.0,0.1914810274325173,0.21050304021824437,0.06166495824333068,0.925,12.217649613054649,241,3.1266381319960823e-10,480,120,200,11,expanded_tau,vit_b_16,cat_dog,3,5,3
20270904,ERM-calibrated,0.001,0.0,1.9025460285169409,0.17913506824945136,0.20908399802467892,0.06141422054161286,0.925,23.37578428331625,141,8.506475629426908e-11,480,120,200,11,expanded_tau,vit_b_16,cat_dog,3,5,3
20270904,Matched,0.025430806348152438,0.0,1.8591409142295228,0.36819610010446696,0.3773528300842743,0.1074690111027359,0.91,1.3009291314379325,41,1.030258557713775e-15,480,120,200,0,analytic,vit_b_16,cat_dog,3,5,3
20270905,SW-tuned,0.0003,2.0,1.0,0.14677293039483663,0.21797094029919792,0.06167210515333669,0.92,28.04617871883972,241,8.481758552406529e-10,480,120,200,55,expanded_tau_x_delta,vit_b_16,cat_dog,3,5,4
20270905,ERM-tuned,0.0001,0.0,1.0,0.16044502610860736,0.21604284484881553,0.06340073314628604,0.92,19.428369444337836,401,6.992276143041518e-10,480,120,200,11,expanded_tau,vit_b_16,cat_dog,3,5,4
20270905,ERM-calibrated,0.001,0.0,2.1583107245505295,0.14314462555910148,0.21848275787893934,0.06142017543479621,0.93,28.955253519694942,141,8.741836421331969e-11,480,120,200,11,expanded_tau,vit_b_16,cat_dog,3,5,4
20270905,Matched,0.025430806348152438,0.0,1.8591409142295228,0.36079978537728424,0.37823953628460516,0.10774431401141626,0.925,1.2936675781471223,41,1.1479842630852328e-15,480,120,200,0,analytic,vit_b_16,cat_dog,3,5,4
20270901,SW-tuned,1e-05,2.0,1.0,0.018054338228016394,0.09608644963091927,0.022671687119664483,0.975,132.39509174722085,1701,9.681108404134415e-10,480,120,200,55,expanded_tau_x_delta,vit_b_16,car_truck,1,9,0
20270901,ERM-tuned,1e-05,0.0,1.0,0.022266584464976837,0.0805884489177335,0.021949099542063744,0.975,74.04540047575804,1621,9.99175897010482e-10,480,120,200,11,expanded_tau,vit_b_16,car_truck,1,9,0
20270901,ERM-calibrated,0.001,0.0,19.999920318899036,0.001640754585917198,0.4293629405331222,0.022008049712721,0.975,4210.764194416213,181,1.2882421246944025e-10,480,120,200,11,expanded_tau,vit_b_16,car_truck,1,9,0
20270901,Matched,0.025430806348152438,0.0,1.8591409142295228,0.24157911802384643,0.2501166918028578,0.058875678887031845,0.97,2.6484538816735452,41,1.851045893411119e-12,480,120,200,0,analytic,vit_b_16,car_truck,1,9,0
20270902,SW-tuned,1e-05,2.0,1.0,0.03546752707031076,0.0730408196355175,0.0201307416772322,0.975,140.90033458098074,1721,9.009122438471409e-10,480,120,200,55,expanded_tau_x_delta,vit_b_16,car_truck,1,9,1
20270902,ERM-tuned,1e-05,0.0,1.0,0.03712469360588878,0.06659365046040029,0.019291513302978448,0.975,78.31235623457113,1661,7.80834368468731e-10,480,120,200,11,expanded_tau,vit_b_16,car_truck,1,9,1
20270902,ERM-calibrated,1e-05,0.0,1.3117526293880555,0.035757054368145615,0.07192292687888582,0.01960826317048084,0.975,134.75167673387696,1661,7.80834368468731e-10,480,120,200,11,expanded_tau,vit_b_16,car_truck,1,9,1
20270902,Matched,0.025430806348152438,0.0,1.8591409142295228,0.22182193089419536,0.24990054123434266,0.058503829959099835,0.97,2.6180687342826174,41,2.1129603158576235e-12,480,120,200,0,analytic,vit_b_16,car_truck,1,9,1
20270903,SW-tuned,0.0001,2.0,1.0,0.07207247917650778,0.07677727465977442,0.02229922396340223,0.97,67.94319323795139,561,6.610019736268313e-10,480,120,200,55,expanded_tau_x_delta,vit_b_16,car_truck,1,9,2
20270903,ERM-tuned,1e-05,0.0,1.0,0.07242249821130414,0.08021286801140605,0.023405967463055725,0.975,77.15648137384198,1661,8.641576641532011e-10,480,120,200,11,expanded_tau,vit_b_16,car_truck,1,9,2
20270903,ERM-calibrated,1e-05,0.0,0.9153064131877965,0.07199612741948085,0.07824083246075259,0.023183345948421773,0.975,64.64060678941593,1661,8.641576641532011e-10,480,120,200,11,expanded_tau,vit_b_16,car_truck,1,9,2
20270903,Matched,0.025430806348152438,0.0,1.8591409142295228,0.2687421895324457,0.24672911849568457,0.05765000355170487,0.97,2.706966850179226,41,2.094073318626382e-12,480,120,200,0,analytic,vit_b_16,car_truck,1,9,2
20270904,SW-tuned,0.0001,2.0,1.0,0.05402926933491095,0.0790926517559467,0.022614691448063145,0.975,63.6786363136198,561,5.941678304346781e-10,480,120,200,55,expanded_tau_x_delta,vit_b_16,car_truck,1,9,3
20270904,ERM-tuned,3e-05,0.0,1.0,0.05609430368399459,0.07849086480286481,0.02267098412523261,0.975,49.42500715313655,961,7.937125893638757e-10,480,120,200,11,expanded_tau,vit_b_16,car_truck,1,9,3
20270904,ERM-calibrated,0.001,0.0,2.8677989575948675,0.049230175649096666,0.0817146989645815,0.021202379480362556,0.97,85.31472490933868,161,9.978848276314203e-10,480,120,200,11,expanded_tau,vit_b_16,car_truck,1,9,3
20270904,Matched,0.025430806348152438,0.0,1.8591409142295228,0.25244019819203434,0.2486556986449498,0.05824361767456658,0.97,2.665424933191133,41,1.912792301315413e-12,480,120,200,0,analytic,vit_b_16,car_truck,1,9,3
20270905,SW-tuned,1e-05,2.0,1.0,0.02592156063412044,0.0842494475614755,0.023536122124850182,0.975,130.9035720698212,1721,8.758184496715547e-10,480,120,200,55,expanded_tau_x_delta,vit_b_16,car_truck,1,9,4
20270905,ERM-tuned,1e-05,0.0,1.0,0.03248226109461163,0.07374222829727423,0.022166664418245594,0.975,72.98702183521245,1641,8.893445467547289e-10,480,120,200,11,expanded_tau,vit_b_16,car_truck,1,9,4
20270905,ERM-calibrated,1e-05,0.0,1.8381533271872388,0.02497962004101433,0.09952672139307556,0.02359010849655461,0.975,246.60910803769235,1641,8.893445467547289e-10,480,120,200,11,expanded_tau,vit_b_16,car_truck,1,9,4
20270905,Matched,0.025430806348152438,0.0,1.8591409142295228,0.2770318372586769,0.24776508661088775,0.05823488660275022,0.97,2.719184167659984,41,2.0227141361539016e-12,480,120,200,0,analytic,vit_b_16,car_truck,1,9,4
20270901,SW-tuned,0.0001,0.0,1.0,0.13334399539131242,0.08431651305907045,0.022601614805091586,0.975,29.197835757021448,441,5.589129442566731e-10,480,120,200,55,expanded_tau_x_delta,vit_b_16,plane_ship,0,8,0
20270901,ERM-tuned,0.0001,0.0,1.0,0.13334399539131242,0.08431651305907045,0.022601614805091586,0.975,29.197835757021448,441,5.589129442566731e-10,480,120,200,11,expanded_tau,vit_b_16,plane_ship,0,8,0
20270901,ERM-calibrated,1e-05,0.0,0.6383272432489974,0.13261580786682456,0.08846099929336018,0.02465412989860682,0.97,28.96931051438519,1341,8.837262416380098e-10,480,120,200,11,expanded_tau,vit_b_16,plane_ship,0,8,0
20270901,Matched,0.025430806348152438,0.0,1.8591409142295228,0.2877704277279481,0.26837510914605667,0.06453691333657063,0.965,2.310388707838638,41,6.8113686935935875e-15,480,120,200,0,analytic,vit_b_16,plane_ship,0,8,0
20270902,SW-tuned,0.0001,2.0,1.0,0.053057656529854676,0.07158874158013524,0.020892903513086755,0.97,56.984898622023756,461,6.309491351348516e-10,480,120,200,55,expanded_tau_x_delta,vit_b_16,plane_ship,0,8,1
20270902,ERM-tuned,1e-05,0.0,1.0,0.0655432590438605,0.0728701661174858,0.023041923197100314,0.97,64.25802213925054,1341,8.081574745823919e-10,480,120,200,11,expanded_tau,vit_b_16,plane_ship,0,8,1
20270902,ERM-calibrated,0.001,0.0,19.999888429602684,0.008121393855349638,0.3813374226099536,0.026450535817339943,0.97,3570.758436912836,141,3.4417566281182585e-10,480,120,200,11,expanded_tau,vit_b_16,plane_ship,0,8,1
20270902,Matched,0.025430806348152438,0.0,1.8591409142295228,0.26697329116536356,0.2689265295184503,0.06452860512055546,0.97,2.281629243076609,41,8.018739658754603e-15,480,120,200,0,analytic,vit_b_16,plane_ship,0,8,1
20270903,SW-tuned,3e-05,0.25,1.0,0.09083348503326837,0.07741203558509124,0.0225828272792146,0.975,45.78102245792778,781,9.54619479705717e-10,480,120,200,55,expanded_tau_x_delta,vit_b_16,plane_ship,0,8,2
20270903,ERM-tuned,3e-05,0.0,1.0,0.09100437724956538,0.07739268923078092,0.022434322341715333,0.975,41.78243910347337,781,8.403258030664665e-10,480,120,200,11,expanded_tau,vit_b_16,plane_ship,0,8,2
20270903,ERM-calibrated,3e-05,0.0,1.0715789974895715,0.09069138436983933,0.07688869813960095,0.022401082077862514,0.975,47.97800384713414,781,8.403258030664665e-10,480,120,200,11,expanded_tau,vit_b_16,plane_ship,0,8,2
20270903,Matched,0.025430806348152438,0.0,1.8591409142295228,0.28326725455278257,0.26834484354429466,0.0644368004896573,0.97,2.297037015935054,41,7.509489909821239e-15,480,120,200,0,analytic,vit_b_16,plane_ship,0,8,2
20270904,SW-tuned,0.0001,2.0,1.0,0.06644279689515277,0.08140556902952113,0.02390891984522643,0.97,56.371121956273626,461,5.154879714724894e-10,480,120,200,55,expanded_tau_x_delta,vit_b_16,plane_ship,0,8,3
20270904,ERM-tuned,1e-05,0.0,1.0,0.0697222085118723,0.08787326239723306,0.027583212670914143,0.955,63.77300086064213,1341,7.951333085690747e-10,480,120,200,11,expanded_tau,vit_b_16,plane_ship,0,8,3
20270904,ERM-calibrated,0.0001,0.0,1.6018414711722435,0.06624445258853756,0.07926785876648687,0.023464871849726822,0.97,67.07054468075869,421,9.837600832616102e-10,480,120,200,11,expanded_tau,vit_b_16,plane_ship,0,8,3
20270904,Matched,0.025430806348152438,0.0,1.8591409142295228,0.26087808128488854,0.2700757187893564,0.064977467551586,0.97,2.2631582581101486,41,5.964738378977629e-15,480,120,200,0,analytic,vit_b_16,plane_ship,0,8,3
20270905,SW-tuned,0.0001,0.5,1.0,0.09176740901399026,0.07159924289994653,0.019980981320837927,0.975,33.700064438542114,441,6.459688351907708e-10,480,120,200,55,expanded_tau_x_delta,vit_b_16,plane_ship,0,8,4
20270905,ERM-tuned,0.0001,0.0,1.0,0.09231566641978993,0.07519434499474205,0.020225104956698988,0.975,27.24517142928934,441,4.687341022191333e-10,480,120,200,11,expanded_tau,vit_b_16,plane_ship,0,8,4
20270905,ERM-calibrated,0.0001,0.0,1.0789757898467638,0.0918796137564583,0.07222086597494531,0.01995173440921432,0.975,31.718522208081517,441,4.687341022191333e-10,480,120,200,11,expanded_tau,vit_b_16,plane_ship,0,8,4
20270905,Matched,0.025430806348152438,0.0,1.8591409142295228,0.2601790865806843,0.270009639574821,0.06493047220438443,0.975,2.263916997148566,41,6.637446297403173e-15,480,120,200,0,analytic,vit_b_16,plane_ship,0,8,4
